{
  "id": "73828d6f-c905-4496-b9ee-f62ce88d3106",
  "name": "Hadilao Smoke - Local",
  "values": [
    {
      "key": "baseUrl",
      "value": "http://localhost:3001",
      "type": "default",
      "enabled": true
    },
    {
      "key": "socketPath",
      "value": "/socket.io",
      "type": "default",
      "enabled": true
    },
    {
      "key": "smokeRealtime",
      "value": "true",
      "type": "default",
      "enabled": true
    },
    {
      "key": "smokeReset",
      "value": "true",
      "type": "default",
      "enabled": true
    },
    {
      "key": "smokeResetFlushRedis",
      "value": "true",
      "type": "default",
      "enabled": true
    },
    {
      "key": "smokeRestock",
      "value": "true",
      "type": "default",
      "enabled": true
    },
    {
      "key": "smokeRestockQty",
      "value": "100",
      "type": "default",
      "enabled": true
    },
    {
      "key": "smokeBranchId",
      "value": "",
      "type": "default",
      "enabled": true
    },
    {
      "key": "branchId",
      "value": "",
      "type": "default",
      "enabled": true
    },
    {
      "key": "branchOtherId",
      "value": "999",
      "type": "default",
      "enabled": true
    },
    {
      "key": "adminUsername",
      "value": "admin",
      "type": "default",
      "enabled": true
    },
    {
      "key": "adminPassword",
      "value": "admin123",
      "type": "default",
      "enabled": true
    },
    {
      "key": "adminToken",
      "value": "",
      "type": "default",
      "enabled": true
    },
    {
      "key": "adminApiKey",
      "value": "",
      "type": "default",
      "enabled": true
    },
    {
      "key": "menuItemId",
      "value": "",
      "type": "default",
      "enabled": true
    },
    {
      "key": "reservationCode",
      "value": "",
      "type": "default",
      "enabled": true
    },
    {
      "key": "sessionKey",
      "value": "",
      "type": "default",
      "enabled": true
    },
    {
      "key": "cartKey",
      "value": "",
      "type": "default",
      "enabled": true
    },
    {
      "key": "orderCode",
      "value": "",
      "type": "default",
      "enabled": true
    },
    {
      "key": "areaName",
      "value": "Zone A",
      "type": "default",
      "enabled": true
    },
    {
      "key": "partySize",
      "value": "4",
      "type": "default",
      "enabled": true
    },
    {
      "key": "reservedFrom",
      "value": "",
      "type": "default",
      "enabled": true
    },
    {
      "key": "reservedTo",
      "value": "",
      "type": "default",
      "enabled": true
    },
    {
      "key": "clientPhone",
      "value": "0900000000",
      "enabled": true
    },
    {
      "key": "otpCode",
      "value": "123456",
      "enabled": true
    },
    {
      "key": "clientAccessToken",
      "value": "",
      "enabled": true
    },
    {
      "key": "clientRefreshToken",
      "value": "",
      "enabled": true
    },
    {
      "key": "__runId",
      "value": "",
      "type": "default",
      "enabled": true
    },
    {
      "key": "staffUsername",
      "value": "",
      "type": "default",
      "enabled": true
    },
    {
      "key": "staffPassword",
      "value": "Passw0rd!123",
      "type": "default",
      "enabled": true
    },
    {
      "key": "staffToken",
      "value": "",
      "type": "default",
      "enabled": true
    },
    {
      "key": "kitchenUsername",
      "value": "",
      "type": "default",
      "enabled": true
    },
    {
      "key": "kitchenPassword",
      "value": "Passw0rd!123",
      "type": "default",
      "enabled": true
    },
    {
      "key": "kitchenToken",
      "value": "",
      "type": "default",
      "enabled": true
    },
    {
      "key": "cashierUsername",
      "value": "",
      "type": "default",
      "enabled": true
    },
    {
      "key": "cashierPassword",
      "value": "Passw0rd!123",
      "type": "default",
      "enabled": true
    },
    {
      "key": "cashierToken",
      "value": "",
      "type": "default",
      "enabled": true
    },
    {
      "key": "managerUsername",
      "value": "",
      "type": "default",
      "enabled": true
    },
    {
      "key": "managerPassword",
      "value": "Passw0rd!123",
      "type": "default",
      "enabled": true
    },
    {
      "key": "managerToken",
      "value": "",
      "type": "default",
      "enabled": true
    },
    {
      "key": "opsSessionKey",
      "value": "",
      "type": "default",
      "enabled": true
    },
    {
      "key": "opsCartKey",
      "value": "",
      "type": "default",
      "enabled": true
    },
    {
      "key": "opsOrderCode",
      "value": "",
      "type": "default",
      "enabled": true
    },
    {
      "key": "opsDirectionId",
      "value": "",
      "type": "default",
      "enabled": true
    },
    {
      "key": "server",
      "value": "http://localhost:3001",
      "type": "default",
      "enabled": true
    }
  ],
  "_postman_variable_scope": "environment",
  "_postman_exported_at": "2026-02-12T11:19:40.275Z",
  "_postman_exported_using": "ChatGPT"
}