{
  "id": "6b2a70de-0b88-4d70-a1dd-52cb3f4d3f71",
  "name": "Hadilao Realtime Sanity - Mini",
  "values": [
    {"key": "baseUrl", "value": "http://localhost:3001", "type": "default", "enabled": true},
    {"key": "socketPath", "value": "/socket.io", "type": "default", "enabled": true},
    {"key": "adminUsername", "value": "admin", "type": "default", "enabled": true},
    {"key": "adminPassword", "value": "admin123", "type": "default", "enabled": true},
    {"key": "areaName", "value": "Zone A", "type": "default", "enabled": true},
    {"key": "partySize", "value": "2", "type": "default", "enabled": true}
  ],
  "_postman_variable_scope": "environment",
  "_postman_exported_at": "2026-02-08T00:00:00Z",
  "_postman_exported_using": "ChatGPT"
}
