{
  "id": "b20d8d7e-9e70-4e42-88d6-77f686b44c1e",
  "name": "HadiLao Local",
  "values": [
    {
      "key": "baseUrl",
      "value": "http://localhost:3001",
      "enabled": true
    },
    {
      "key": "areaName",
      "value": "Zone A",
      "enabled": true
    },
    {
      "key": "partySize",
      "value": "4",
      "enabled": true
    },
    {
      "key": "contactPhone",
      "value": "0900000000",
      "enabled": true
    },
    {
      "key": "contactName",
      "value": "Test User",
      "enabled": true
    },
    {
      "key": "reservationNote",
      "value": "Postman test reservation",
      "enabled": true
    },
    {
      "key": "reservedFrom",
      "value": "",
      "enabled": true
    },
    {
      "key": "reservedTo",
      "value": "",
      "enabled": true
    },
    {
      "key": "adminUsername",
      "value": "admin",
      "enabled": true
    },
    {
      "key": "adminPassword",
      "value": "admin123",
      "enabled": true
    },
    {
      "key": "adminToken",
      "value": "",
      "enabled": true
    },
    {
      "key": "reservationCode",
      "value": "",
      "enabled": true
    },
    {
      "key": "sessionKey",
      "value": "",
      "enabled": true
    },
    {
      "key": "suggestedTableId",
      "value": "",
      "enabled": true
    },
    {
      "key": "reservationTableId",
      "value": "",
      "enabled": true
    },
    {
      "key": "checkedInTableId",
      "value": "",
      "enabled": true
    }
  ],
  "_postman_variable_scope": "environment",
  "_postman_exported_at": "2026-02-04T17:27:04.391224Z",
  "_postman_exported_using": "ChatGPT"
}